episode_seed,z1_return,z1_succ,z1_len,z2_return,z2_succ,z2_len,z3_return,z3_succ,z3_len,z4_return,z4_succ,z4_len,manager_choice_zone,manager_best_return,manager_best_success,manager_best_len
2025,-42.38000000000005,0,97,4.399999999999999,1,20,6.14,1,12,-2.4599999999999964,1,32,3,6.14,1,12
2026,-14.460000000000004,0,58,-2.280000000000004,1,26,-5.4,0,6,-7.380000000000004,0,22,2,-2.280000000000004,1,26
2027,15.999999999999996,1,25,-3.060000000000004,0,28,6.74,1,17,-7.6400000000000015,0,14,1,15.999999999999996,1,25
2028,-11.220000000000006,0,50,1.1399999999999935,0,38,-30.540000000000017,0,44,-1.820000000000003,1,19,2,1.1399999999999935,0,38
2029,-5.68,0,7,2.5199999999999925,0,42,1.1999999999999993,1,10,-11.14,0,14,2,2.5199999999999925,0,42
